{
	"class_name" : "PinholeCameraParameters",
	"extrinsic" : 
	[
		0.99878746745031,
		-0.044632184718774011,
		0.02077409327564831,
		0.0,
		-0.044818972947068679,
		-0.6497855378463715,
		0.75879510704120379,
		0.0,
		-0.020367978008777078,
		-0.75880611679989174,
		-0.65099802041089416,
		0.0,
		-220147.50163003925,
		326061.25130151323,
		-373125.51679168147,
		1.0
	],
	"intrinsic" : 
	{
		"height" : 1080,
		"intrinsic_matrix" : 
		[
			935.30743608719376,
			0.0,
			0.0,
			0.0,
			935.30743608719376,
			0.0,
			959.5,
			539.5,
			1.0
		],
		"width" : 1920
	},
	"version_major" : 1,
	"version_minor" : 0
}