{
	"class_name" : "PinholeCameraParameters",
	"extrinsic" : 
	[
		0.93999810485942648,
		0.036122919533590592,
		-0.33926198953766762,
		0.0,
		0.33011370417995684,
		-0.34749575256069426,
		0.87765120877536817,
		0.0,
		-0.086188776376479051,
		-0.93698550503017208,
		-0.33857001962678085,
		0.0,
		-387806.50455823925,
		159852.48374088187,
		-343596.51842020464,
		1.0
	],
	"intrinsic" : 
	{
		"height" : 1080,
		"intrinsic_matrix" : 
		[
			935.30743608719376,
			0.0,
			0.0,
			0.0,
			935.30743608719376,
			0.0,
			959.5,
			539.5,
			1.0
		],
		"width" : 1920
	},
	"version_major" : 1,
	"version_minor" : 0
}