Participant Number,Mental Demand,Physical Demand,Temporal Demand,Performance,Effort,Frustration,Overall Score
1,80,80,80,80,80,80,80.0
2,70,20,30,40,20,70,41.666666666666664
3,90,80,70,40,30,80,65.0
4,20,40,60,100,80,75,62.5
5,30,20,70,80,45,32,46.166666666666664
6,21,27,45,81,9,32,35.833333333333336
7,17,19,90,40,20,46,38.666666666666664
8,70,5,42,35,45,49,41.0
9,12,23,45,78,56,23,39.5
10,54,21,32,65,98,87,59.5
